metric,p_value
roc_auc,2.8834597513850243e-131
accuracy,3.7165699930834924e-58
precision,1.0114997083777702e-104
recall,3.5874741885285423e-100
f1,5.805720826952096e-75
